"Name","Position","Height","Weight","Exp","Age","G","GS","MP","3PA","FGA","PF","PER","USG%","OWS","DWS","PG","PGS","PMP","P3PA","PFGA","PPF","PPER","PUSG%","POWS","PDWS","TORtg","TDRtg"
"Eddie Robinson","SF",80,210,1,24,67,6,"1201",407,4,66,0,0,0,0,24,10,0,"192",60,3,12,0,0,0,0,"101.8","99.5"
"David Wesley","SG",72,190,7,30,82,82,"3106",1239,258,220,0,0,0,0,30,10,10,"394",134,33,28,0,0,0,0,"101.8","99.5"
"P.J. Brown","C",83,225,7,31,80,79,"2811",561,4,260,0,0,0,0,31,10,10,"385",67,0,31,0,0,0,0,"101.8","99.5"
"Scott Burrell","SF",79,218,7,30,4,0,"41",15,6,8,0,0,0,0,30,2,0,"12",3,1,0,0,0,0,0,"101.8","99.5"
"Derrick Coleman","PF",82,230,10,33,34,3,"683",255,51,53,0,0,0,0,33,5,0,"88",34,8,12,0,0,0,0,"101.8","99.5"
"Lee Nailon","SF",81,238,0,25,42,0,"469",136,1,60,0,0,0,0,"101.8","99.5"
"Tim James","SF",79,212,1,24,30,0,"197",52,3,27,0,0,0,0,"101.8","99.5"
"Jamaal Magloire","C",83,259,0,22,74,0,"1095",271,2,139,0,0,0,0,22,10,0,"110",28,0,20,0,0,0,0,"101.8","99.5"
"Terrance Roberson","SF",79,215,0,24,3,0,"13",2,1,3,0,0,0,0,"101.8","99.5"
"Elden Campbell","PF",83,215,10,32,78,78,"2337",834,6,280,0,0,0,0,32,10,10,"287",106,0,37,0,0,0,0,"101.8","99.5"
"Eldridge Recasner","PG",75,190,6,33,43,0,"403",114,39,30,0,0,0,0,33,2,0,"9",1,0,0,0,0,0,0,"101.8","99.5"
"Doug Overton","PG",75,190,8,31,2,0,"15",2,0,2,0,0,0,0,"101.8","99.5"
"Hersey Hawkins","SG",75,190,12,34,59,0,"681",137,46,45,0,0,0,0,34,6,0,"50",8,4,4,0,0,0,0,"101.8","99.5"
"Baron Davis","PG",75,209,1,21,82,82,"3192",957,274,267,0,0,0,0,21,10,10,"397",123,50,33,0,0,0,0,"101.8","99.5"
"Jamal Mashburn","SF",80,240,7,28,76,76,"2989",1388,289,185,0,0,0,0,28,10,10,"419",208,21,24,0,0,0,0,"101.8","99.5"
"Otis Thorpe","PF",81,225,16,38,49,4,"647",131,0,108,0,0,0,0,38,8,0,"57",9,0,8,0,0,0,0,"101.8","99.5"
"Toni Kukoc","SF",82,192,7,32,17,14,"618",252,79,36,0,0,0,0,0,0,0,"0:00",0,0,0,0,0,0,0,"98.7","104.3"
"Sean Colson","PG",72,175,0,25,3,0,"14",5,1,0,0,0,0,0,0,0,0,"0:00",0,0,0,0,0,0,0,"98.7","104.3"
"Tony Smith","SG",75,185,8,32,6,0,"78",23,2,12,0,0,0,0,0,0,0,"0:00",0,0,0,0,0,0,0,"98.7","104.3"
"Anthony Johnson","PG",75,190,3,26,25,0,"279",71,3,41,0,0,0,0,0,0,0,"0:00",0,0,0,0,0,0,0,"98.7","104.3"
"Larry Robinson","PG",75,180,5,33,33,1,"631",184,116,46,0,0,0,0,0,0,0,"0:00",0,0,0,0,0,0,0,"98.7","104.3"
"DerMarr Johnson","SF",81,201,0,20,78,21,"1313",390,127,134,0,0,0,0,0,0,0,"0:00",0,0,0,0,0,0,0,"98.7","104.3"
"Andy Panko","SF",81,222,0,23,1,0,"1",0,0,0,0,0,0,0,0,0,0,"0:00",0,0,0,0,0,0,0,"98.7","104.3"
"Hanno Mottola","SF",83,247,0,24,73,3,"989",277,3,163,0,0,0,0,0,0,0,"0:00",0,0,0,0,0,0,0,"98.7","104.3"
"Dikembe Mutombo","C",86,245,9,34,49,49,"1716",354,0,139,0,0,0,0,0,0,0,"0:00",0,0,0,0,0,0,0,"98.7","104.3"
"Nazr Mohammed","C",82,221,2,23,28,19,"716",281,1,73,0,0,0,0,0,0,0,"0:00",0,0,0,0,0,0,0,"98.7","104.3"
"Jim Jackson","SF",78,220,8,30,17,14,"550",217,38,42,0,0,0,0,0,0,0,"0:00",0,0,0,0,0,0,0,"98.7","104.3"
"Brevin Knight","PG",70,173,3,25,47,43,"1364",356,10,138,0,0,0,0,0,0,0,"0:00",0,0,0,0,0,0,0,"98.7","104.3"
"Alan Henderson","PF",81,235,5,28,73,42,"1810",671,1,164,0,0,0,0,0,0,0,"0:00",0,0,0,0,0,0,0,"98.7","104.3"
"Cal Bowdler","SF",82,245,1,23,44,0,"375",114,5,45,0,0,0,0,0,0,0,"0:00",0,0,0,0,0,0,0,"98.7","104.3"
"Matt Maloney","PG",75,192,4,29,55,27,"1403",348,142,94,0,0,0,0,0,0,0,"0:00",0,0,0,0,0,0,0,"98.7","104.3"
"Roshown McLeod","SF",80,221,2,25,34,25,"907",330,21,88,0,0,0,0,0,0,0,"0:00",0,0,0,0,0,0,0,"98.7","104.3"
"Ira Bowman","PG",77,195,1,27,3,0,"19",2,0,0,0,0,0,0,0,0,0,"0:00",0,0,0,0,0,0,0,"98.7","104.3"
"Chris Crawford","PF",81,235,3,25,47,22,"901",270,22,117,0,0,0,0,0,0,0,"0:00",0,0,0,0,0,0,0,"98.7","104.3"
"Lorenzen Wright","C",83,225,4,25,71,46,"1988",811,2,232,0,0,0,0,0,0,0,"0:00",0,0,0,0,0,0,0,"98.7","104.3"
"Pepe Sanchez","PG",76,195,0,23,5,0,"34",7,0,3,0,0,0,0,0,0,0,"0:00",0,0,0,0,0,0,0,"98.7","104.3"
"Jason Terry","SG",74,176,1,23,82,77,"3089",1367,314,204,0,0,0,0,0,0,0,"0:00",0,0,0,0,0,0,0,"98.7","104.3"
"Anthony Miller","PF",81,225,6,29,2,0,"6",2,0,0,0,0,0,0,0,0,0,"0:00",0,0,0,0,0,0,0,"98.7","104.3"
"Dion Glover","SG",77,228,1,22,57,7,"929",336,46,92,0,0,0,0,0,0,0,"0:00",0,0,0,0,0,0,0,"98.7","104.3"
"Nick Anderson","SG",78,205,11,33,21,0,"169",57,39,13,0,0,0,0,"105.6","99.6"
"Hedo Turkoglu","SF",82,220,0,21,74,7,"1245",335,86,139,0,0,0,0,21,8,0,"141",46,14,18,0,0,0,0,"105.6","99.6"
"Lawrence Funderburke","PF",81,230,3,30,59,2,"698",242,0,44,0,0,0,0,30,3,0,"17",8,0,4,0,0,0,0,"105.6","99.6"
"Peja Stojakovic","SF",81,220,2,23,75,75,"2905",1189,360,144,0,0,0,0,23,8,8,"307",128,26,17,0,0,0,0,"105.6","99.6"
"Bobby Jackson","PG",73,185,3,27,79,7,"1648",526,104,139,0,0,0,0,27,8,0,"182",48,14,18,0,0,0,0,"105.6","99.6"
"Art Long","SF",81,250,0,28,9,0,"20",4,0,5,0,0,0,0,"105.6","99.6"
"Chris Webber","PF",81,245,7,27,70,70,"2836",1635,28,226,0,0,0,0,27,8,8,"348",196,1,29,0,0,0,0,"105.6","99.6"
"Jason Williams","PG",73,190,2,25,77,77,"2290",690,311,114,0,0,0,0,25,8,8,"191",61,30,14,0,0,0,0,"105.6","99.6"
"Jabari Smith","C",83,250,0,23,9,0,"66",22,0,7,0,0,0,0,"105.6","99.6"
"Scot Pollard","C",83,265,3,25,77,8,"1658",395,2,206,0,0,0,0,25,8,0,"141",30,0,30,0,0,0,0,"105.6","99.6"
"Doug Christie","SG",78,200,8,30,81,81,"2939",788,250,224,0,0,0,0,30,8,8,"304",68,17,31,0,0,0,0,"105.6","99.6"
"Vlade Divac","C",85,243,11,32,81,81,"2420",755,14,242,0,0,0,0,32,8,8,"225",80,3,25,0,0,0,0,"105.6","99.6"
"Darrick Martin","PG",71,170,6,29,31,0,"176",76,27,27,0,0,0,0,29,2,0,"9",6,2,1,0,0,0,0,"105.6","99.6"
"Jon Barry","SG",76,195,8,31,62,2,"1010",255,132,66,0,0,0,0,31,7,0,"55",17,7,7,0,0,0,0,"105.6","99.6"
"Jake Voskuhl","C",83,245,0,23,16,2,"143",25,0,38,0,0,0,0,0,0,0,"0:00",0,0,0,0,0,0,0,"97.2","107.3"
"A.J. Guyton","PG",73,180,0,22,33,8,"630",192,69,35,0,0,0,0,0,0,0,"0:00",0,0,0,0,0,0,0,"97.2","107.3"
"Metta World Peace","SF",78,244,1,21,76,74,"2363",815,148,254,0,0,0,0,0,0,0,"0:00",0,0,0,0,0,0,0,"97.2","107.3"
"Corey Benjamin","PG",78,200,2,22,65,5,"857",302,81,128,0,0,0,0,0,0,0,"0:00",0,0,0,0,0,0,0,"97.2","107.3"
"Michael Ruffin","PF",81,246,1,24,45,16,"879",90,0,131,0,0,0,0,0,0,0,"0:00",0,0,0,0,0,0,0,"97.2","107.3"
"Steve Goodrich","PF",82,220,0,24,12,0,"133",18,3,14,0,0,0,0,0,0,0,"0:00",0,0,0,0,0,0,0,"97.2","107.3"
"Brad Miller","C",83,244,2,24,57,45,"1434",386,5,176,0,0,0,0,0,0,0,"0:00",0,0,0,0,0,0,0,"97.2","107.3"
"Ron Mercer","SG",79,210,3,24,61,61,"2535",1121,46,148,0,0,0,0,0,0,0,"0:00",0,0,0,0,0,0,0,"97.2","107.3"
"Fred Hoiberg","SG",76,203,5,28,74,37,"2247",495,250,155,0,0,0,0,0,0,0,"0:00",0,0,0,0,0,0,0,"97.2","107.3"
"Dalibor Bagaric","C",85,255,0,20,35,0,"259",65,1,44,0,0,0,0,0,0,0,"0:00",0,0,0,0,0,0,0,"97.2","107.3"
"Marcus Fizer","PF",81,262,0,22,72,13,"1580",646,39,175,0,0,0,0,0,0,0,"0:00",0,0,0,0,0,0,0,"97.2","107.3"
"Elton Brand","PF",80,275,1,21,74,74,"2906",1215,2,243,0,0,0,0,0,0,0,"0:00",0,0,0,0,0,0,0,"97.2","107.3"
"Bryce Drew","PG",74,185,2,26,48,41,"1305",327,105,99,0,0,0,0,0,0,0,"0:00",0,0,0,0,0,0,0,"97.2","107.3"
"Jamal Crawford","PG",77,200,0,20,61,8,"1050",304,117,68,0,0,0,0,0,0,0,"0:00",0,0,0,0,0,0,0,"97.2","107.3"
"Khalid El-Amin","PG",70,200,0,21,50,14,"936",311,84,99,0,0,0,0,0,0,0,"0:00",0,0,0,0,0,0,0,"97.2","107.3"
"Dragan Tarlac","C",82,260,0,27,43,12,"598",99,0,95,0,0,0,0,0,0,0,"0:00",0,0,0,0,0,0,0,"97.2","107.3"
"Sam Cassell","PG",75,185,7,31,76,75,"2709",1132,98,214,0,0,0,0,31,18,18,"682",278,30,76,0,0,0,0,"108.8","104.6"
"Tim Thomas","PF",82,230,3,23,76,16,"2086",758,260,194,0,0,0,0,23,18,0,"479",143,51,52,0,0,0,0,"108.8","104.6"
"Mark Pope","PF",82,235,2,28,63,45,"942",142,24,140,0,0,0,0,28,6,3,"46",10,1,6,0,0,0,0,"108.8","104.6"
"Darvin Ham","SF",79,220,3,27,29,13,"540",80,3,85,0,0,0,0,27,14,6,"132",15,0,31,0,0,0,0,"108.8","104.6"
"Jason Caffey","PF",80,255,5,27,70,33,"1460",367,0,184,0,0,0,0,27,18,0,"297",63,0,44,0,0,0,0,"108.8","104.6"
"Glenn Robinson","SF",79,225,6,28,76,74,"2813",1460,184,191,0,0,0,0,28,18,18,"687",322,62,43,0,0,0,0,"108.8","104.6"
"Jerome Kersey","SF",79,215,16,38,22,2,"243",69,1,36,0,0,0,0,"108.8","104.6"
"Jason Hart","PG",75,185,0,22,1,0,"10",1,0,0,0,0,0,0,"108.8","104.6"
"Ray Allen","SG",77,205,4,25,82,82,"3129",1309,467,192,0,0,0,0,25,18,18,"768",331,119,44,0,0,0,0,"108.8","104.6"
"Scott Williams","C",82,230,10,32,66,31,"1272",361,4,178,0,0,0,0,32,17,17,"378",120,0,57,0,0,0,0,"108.8","104.6"
"Michael Redd","SG",78,220,0,21,6,0,"35",19,3,2,0,0,0,0,"108.8","104.6"
"Joel Przybilla","C",85,255,0,21,33,13,"270",35,0,56,0,0,0,0,21,1,0,"2",0,0,0,0,0,0,0,"108.8","104.6"
"Lindsey Hunter","PG",74,170,7,30,82,5,"2002",783,407,172,0,0,0,0,30,18,0,"289",99,53,24,0,0,0,0,"108.8","104.6"
"Rafer Alston","PG",74,171,1,24,37,2,"288",84,30,27,0,0,0,0,24,5,0,"8",1,0,0,0,0,0,0,"108.8","104.6"
"Ervin Johnson","C",83,245,7,33,82,19,"1981",198,0,257,0,0,0,0,33,18,10,"577",68,0,52,0,0,0,0,"108.8","104.6"
"Juwan Howard","PF",81,240,6,27,27,27,"993",391,3,106,0,0,0,0,27,10,10,"391",136,0,38,0,0,0,0,"107.1","102.6"
"Michael Finley","SF",79,215,5,27,82,82,"3443",1552,263,174,0,0,0,0,27,10,10,"434",200,47,23,0,0,0,0,"107.1","102.6"
"Steve Nash","PG",75,195,4,26,70,70,"2387",792,219,158,0,0,0,0,26,10,10,"370",108,39,19,0,0,0,0,"107.1","102.6"
"Eduardo Najera","PF",80,240,0,24,40,4,"431",111,3,48,0,0,0,0,24,7,0,"44",17,4,8,0,0,0,0,"107.1","102.6"
"Shawn Bradley","C",90,235,7,28,82,35,"2001",447,6,256,0,0,0,0,28,10,10,"256",51,0,37,0,0,0,0,"107.1","102.6"
"Obinna Ekezie","PF",81,270,1,25,4,0,"8",4,0,2,0,0,0,0,"107.1","102.6"
"Calvin Booth","C",83,230,1,24,15,7,"293",84,0,55,0,0,0,0,24,10,0,"137",37,0,29,0,0,0,0,"107.1","102.6"
"Courtney Alexander","PG",77,205,0,23,38,6,"472",178,10,76,0,0,0,0,"107.1","102.6"
"Christian Laettner","C",83,235,8,31,53,35,"930",323,3,159,0,0,0,0,"107.1","102.6"
"Bill Curley","PF",81,220,4,28,5,0,"15",4,1,4,0,0,0,0,"107.1","102.6"
"Greg Buckner","SG",76,210,1,24,37,9,"820",192,7,118,0,0,0,0,24,5,0,"75",23,3,12,0,0,0,0,"107.1","102.6"
"Vernon Maxwell","PG",76,180,12,35,19,0,"285",98,47,31,0,0,0,0,35,4,0,"43",10,5,6,0,0,0,0,"107.1","102.6"
"Hubert Davis","PG",77,183,8,30,51,7,"1261",314,133,92,0,0,0,0,"107.1","102.6"
"Howard Eisley","SG",74,177,6,28,82,40,"2426",675,269,218,0,0,0,0,28,9,0,"194",53,26,18,0,0,0,0,"107.1","102.6"
"Donnell Harvey","PF",80,220,0,20,18,0,"65",14,0,15,0,0,0,0,"107.1","102.6"
"Mark Bryant","PF",81,245,12,35,18,1,"101",20,0,29,0,0,0,0,35,4,0,"34",2,0,6,0,0,0,0,"107.1","102.6"
"Dirk Nowitzki","PF",84,237,2,22,82,82,"3125",1247,390,245,0,0,0,0,22,10,10,"399",163,46,37,0,0,0,0,"107.1","102.6"
"Gary Trent","PF",80,250,5,26,33,4,"319",130,1,52,0,0,0,0,"107.1","102.6"
"Loy Vaught","PF",81,230,10,32,37,1,"392",121,0,61,0,0,0,0,"107.1","102.6"
"Wang Zhizhi","C",84,255,0,23,5,0,"38",19,2,8,0,0,0,0,23,5,0,"23",8,2,1,0,0,0,0,"107.1","102.6"
"Rodney Rogers","SF",79,235,7,29,82,3,"2183",876,189,269,0,0,0,0,29,4,0,"82",40,10,16,0,0,0,0,"100.3","98.0"
"Corie Blount","PF",81,240,7,32,30,6,"387",47,0,75,0,0,0,0,"100.3","98.0"
"Daniel Santiago","C",85,256,0,24,54,2,"581",134,0,101,0,0,0,0,24,1,0,"12",2,0,2,0,0,0,0,"100.3","98.0"
"Mario Elie","SG",77,210,10,37,68,67,"1506",246,100,112,0,0,0,0,37,4,4,"103",31,13,6,0,0,0,0,"100.3","98.0"
"Jake Tsakalidis","C",86,285,0,21,57,39,"947",215,0,137,0,0,0,0,21,4,4,"75",16,0,11,0,0,0,0,"100.3","98.0"
"Jason Kidd","PG",76,205,6,27,77,76,"3065",1097,232,171,0,0,0,0,27,4,4,"166",69,17,13,0,0,0,0,"100.3","98.0"
"Shawn Marion","SF",79,220,1,22,79,79,"2857",1160,82,211,0,0,0,0,22,4,4,"139",62,1,13,0,0,0,0,"100.3","98.0"
"Clifford Robinson","PF",82,225,11,34,82,82,"2751",1186,249,258,0,0,0,0,34,4,4,"114",50,16,14,0,0,0,0,"100.3","98.0"
"Elliot Perry","PG",72,150,8,31,43,6,"460",129,4,28,0,0,0,0,31,2,0,"17",10,1,0,0,0,0,0,"100.3","98.0"
"Tony Delk","SG",73,189,4,27,82,11,"2288",923,168,171,0,0,0,0,27,4,0,"114",43,10,7,0,0,0,0,"100.3","98.0"
"Tom Gugliotta","PF",82,240,8,31,57,2,"1159",380,12,110,0,0,0,0,31,4,0,"86",26,0,9,0,0,0,0,"100.3","98.0"
"Chris Dudley","C",83,235,13,35,53,33,"613",73,0,111,0,0,0,0,35,3,0,"26",2,0,1,0,0,0,0,"100.3","98.0"
"Paul McPherson","PG",76,210,0,22,33,0,"308",96,6,48,0,0,0,0,"100.3","98.0"
"Ruben Garces","PF",81,245,0,27,10,0,"62",15,0,14,0,0,0,0,"100.3","98.0"
"Vinny Del Negro","PG",76,185,10,34,36,0,"526",144,4,42,0,0,0,0,34,3,0,"26",7,0,2,0,0,0,0,"100.3","98.0"
"Anfernee Hardaway","SG",79,195,7,29,4,4,"112",36,8,6,0,0,0,0,"100.3","98.0"
"Chris Mills","SF",78,215,7,31,15,8,"493",191,25,43,0,0,0,0,0,0,0,"0:00",0,0,0,0,0,0,0,"97.8","107.4"
"Bill Curley","PF",81,220,4,28,15,2,"177",43,1,41,0,0,0,0,0,0,0,"0:00",0,0,0,0,0,0,0,"97.8","107.4"
"Randy Livingston","PG",76,209,4,25,2,0,"7",2,1,0,0,0,0,0,0,0,0,"0:00",0,0,0,0,0,0,0,"97.8","107.4"
"Vonteego Cummings","PG",75,185,1,24,66,11,"1495",517,143,160,0,0,0,0,0,0,0,"0:00",0,0,0,0,0,0,0,"97.8","107.4"
"Chucky Brown","SF",79,214,11,32,6,0,"74",20,2,10,0,0,0,0,0,0,0,"0:00",0,0,0,0,0,0,0,"97.8","107.4"
"Marc Jackson","C",82,270,0,26,48,35,"1410",508,23,138,0,0,0,0,0,0,0,"0:00",0,0,0,0,0,0,0,"97.8","107.4"
"Larry Hughes","SG",77,184,2,22,50,45,"1846",805,75,147,0,0,0,0,0,0,0,"0:00",0,0,0,0,0,0,0,"97.8","107.4"
"Bob Sura","SG",77,200,5,27,53,42,"1684",518,172,127,0,0,0,0,0,0,0,"0:00",0,0,0,0,0,0,0,"97.8","107.4"
"Erick Dampier","C",83,265,4,25,43,26,"1038",314,2,123,0,0,0,0,0,0,0,"0:00",0,0,0,0,0,0,0,"97.8","107.4"
"Antawn Jamison","SF",80,223,2,24,82,82,"3394",1812,205,225,0,0,0,0,0,0,0,"0:00",0,0,0,0,0,0,0,"97.8","107.4"
"John Coker","C",84,253,2,29,6,0,"32",8,0,4,0,0,0,0,0,0,0,"0:00",0,0,0,0,0,0,0,"97.8","107.4"
"Vinny Del Negro","PG",76,185,10,34,29,1,"396",90,9,36,0,0,0,0,0,0,0,"0:00",0,0,0,0,0,0,0,"97.8","107.4"
"Corie Blount","PF",81,240,7,32,38,0,"918",247,8,90,0,0,0,0,0,0,0,"0:00",0,0,0,0,0,0,0,"97.8","107.4"
"Mookie Blaylock","PG",72,180,11,33,69,59,"2352",801,225,134,0,0,0,0,0,0,0,"0:00",0,0,0,0,0,0,0,"97.8","107.4"
"Chris Mullin","SF",78,200,15,37,20,8,"374",106,52,28,0,0,0,0,0,0,0,"0:00",0,0,0,0,0,0,0,"97.8","107.4"
"Chris Garner","PG",70,156,1,25,8,0,"149",37,7,18,0,0,0,0,0,0,0,"0:00",0,0,0,0,0,0,0,"97.8","107.4"
"Danny Fortson","PF",79,260,3,24,6,6,"203",50,0,22,0,0,0,0,0,0,0,"0:00",0,0,0,0,0,0,0,"97.8","107.4"
"Paul McPherson","PG",76,210,0,22,22,0,"287",120,6,32,0,0,0,0,0,0,0,"0:00",0,0,0,0,0,0,0,"97.8","107.4"
"Ruben Garces","PF",81,245,0,27,3,0,"11",7,0,0,0,0,0,0,0,0,0,"0:00",0,0,0,0,0,0,0,"97.8","107.4"
"Adonal Foyle","C",82,250,3,25,58,37,"1457",375,0,136,0,0,0,0,0,0,0,"0:00",0,0,0,0,0,0,0,"97.8","107.4"
"Adam Keefe","PF",81,230,8,30,67,13,"836",159,3,102,0,0,0,0,0,0,0,"0:00",0,0,0,0,0,0,0,"97.8","107.4"
"Chris Porter","SF",79,218,0,22,51,35,"1147",445,5,111,0,0,0,0,0,0,0,"0:00",0,0,0,0,0,0,0,"97.8","107.4"
"Rasho Nesterovic","C",84,248,2,24,73,39,"1233",319,1,189,0,0,0,0,24,4,2,"49",13,0,9,0,0,0,0,"105.2","103.7"
"Dean Garrett","C",82,225,4,34,70,21,"831",156,0,93,0,0,0,0,34,3,2,"41",12,0,6,0,0,0,0,"105.2","103.7"
"Wally Szczerbiak","SF",79,244,1,23,82,82,"2856",920,77,226,0,0,0,0,23,4,4,"143",37,1,6,0,0,0,0,"105.2","103.7"
"Anthony Peeler","SG",76,208,8,31,75,41,"2126",732,256,166,0,0,0,0,31,4,4,"137",53,17,10,0,0,0,0,"105.2","103.7"
"Tom Hammonds","PF",81,215,11,33,7,0,"30",10,0,8,0,0,0,0,"105.2","103.7"
"Sam Jacobson","PG",76,215,2,25,14,0,"59",18,0,19,0,0,0,0,"105.2","103.7"
"Reggie Slater","PF",79,215,5,30,55,16,"686",175,0,126,0,0,0,0,30,4,0,"52",16,0,15,0,0,0,0,"105.2","103.7"
"Todd Day","SG",78,188,7,31,31,0,"345",118,69,52,0,0,0,0,"105.2","103.7"
"Sam Mitchell","SF",78,210,11,37,82,4,"983",289,43,117,0,0,0,0,37,4,0,"50",10,1,5,0,0,0,0,"105.2","103.7"
"Felipe Lopez","PG",77,199,2,26,23,10,"457",152,23,46,0,0,0,0,26,4,0,"55",22,5,5,0,0,0,0,"105.2","103.7"
"Terrell Brandon","PG",71,180,9,30,78,78,"2821",1134,91,138,0,0,0,0,30,4,4,"153",62,9,10,0,0,0,0,"105.2","103.7"
"LaPhonso Ellis","PF",80,240,8,30,82,5,"1948",642,22,290,0,0,0,0,30,4,0,"77",23,1,13,0,0,0,0,"105.2","103.7"
"William Avery","PG",74,197,1,21,55,0,"463",144,59,48,0,0,0,0,21,2,0,"12",6,2,0,0,0,0,0,"105.2","103.7"
"Chauncey Billups","SG",75,202,3,24,77,33,"1790",587,194,178,0,0,0,0,24,3,0,"26",6,1,5,0,0,0,0,"105.2","103.7"
"Kevin Garnett","PF",83,220,5,24,81,81,"3202",1475,66,204,0,0,0,0,24,4,4,"165",58,3,13,0,0,0,0,"105.2","103.7"
"Kenny Thomas","PF",79,261,1,23,74,21,"1820",465,92,178,0,0,0,0,0,0,0,"0:00",0,0,0,0,0,0,0,"106.7","104.2"
"Shandon Anderson","SG",78,208,4,27,82,82,"2396",590,170,202,0,0,0,0,0,0,0,"0:00",0,0,0,0,0,0,0,"106.7","104.2"
"Sean Colson","PG",72,175,0,25,10,0,"30",19,4,6,0,0,0,0,0,0,0,"0:00",0,0,0,0,0,0,0,"106.7","104.2"
"Moochie Norris","PG",73,175,3,27,82,6,"1654",413,89,84,0,0,0,0,0,0,0,"0:00",0,0,0,0,0,0,0,"106.7","104.2"
"Steve Francis","PG",75,195,1,23,80,79,"3194",1219,336,274,0,0,0,0,0,0,0,"0:00",0,0,0,0,0,0,0,"106.7","104.2"
"Dan Langhi","SF",83,220,0,23,33,0,"241",99,1,16,0,0,0,0,0,0,0,"0:00",0,0,0,0,0,0,0,"106.7","104.2"
"Carlos Rogers","C",83,220,6,29,39,0,"544",110,1,33,0,0,0,0,0,0,0,"0:00",0,0,0,0,0,0,0,"106.7","104.2"
"Kelvin Cato","C",83,255,3,26,35,13,"624",111,0,89,0,0,0,0,0,0,0,"0:00",0,0,0,0,0,0,0,"106.7","104.2"
"Jason Collier","C",84,260,0,23,23,0,"222",71,1,27,0,0,0,0,0,0,0,"0:00",0,0,0,0,0,0,0,"106.7","104.2"
"Matt Bullard","PF",82,215,9,33,61,5,"1000",305,213,76,0,0,0,0,0,0,0,"0:00",0,0,0,0,0,0,0,"106.7","104.2"
"Walt Williams","SF",80,219,8,30,72,31,"1583",513,248,153,0,0,0,0,0,0,0,"0:00",0,0,0,0,0,0,0,"106.7","104.2"
"Cuttino Mobley","SG",76,190,2,25,79,49,"3002",1214,252,169,0,0,0,0,0,0,0,"0:00",0,0,0,0,0,0,0,"106.7","104.2"
"Hakeem Olajuwon","C",84,255,16,38,58,55,"1545",568,1,141,0,0,0,0,0,0,0,"0:00",0,0,0,0,0,0,0,"106.7","104.2"
"Anthony Miller","PF",81,225,6,29,1,0,"3",0,0,1,0,0,0,0,0,0,0,"0:00",0,0,0,0,0,0,0,"106.7","104.2"
"Maurice Taylor","SF",81,260,3,24,69,69,"1972",797,4,208,0,0,0,0,0,0,0,"0:00",0,0,0,0,0,0,0,"106.7","104.2"
"Brevin Knight","PG",70,173,3,25,6,0,"93",15,0,17,0,0,0,0,0,0,0,"0:00",0,0,0,0,0,0,0,"100.3","104.9"
"Larry Robinson","SG",75,180,5,33,1,0,"1",0,0,0,0,0,0,0,0,0,0,"0:00",0,0,0,0,0,0,0,"100.3","104.9"
"Andre Miller","PG",74,200,1,24,82,82,"2848",999,64,229,0,0,0,0,0,0,0,"0:00",0,0,0,0,0,0,0,"100.3","104.9"
"Bimbo Coles","PG",73,180,10,32,47,0,"804",239,16,87,0,0,0,0,0,0,0,"0:00",0,0,0,0,0,0,0,"100.3","104.9"
"Anthony Johnson","PG",75,190,3,26,28,0,"232",81,2,21,0,0,0,0,0,0,0,"0:00",0,0,0,0,0,0,0,"100.3","104.9"
"Etdrick Bohannon","PF",81,220,3,27,6,0,"19",4,0,4,0,0,0,0,0,0,0,"0:00",0,0,0,0,0,0,0,"100.3","104.9"
"Lamond Murray","SF",79,236,6,27,78,46,"2225",925,165,173,0,0,0,0,0,0,0,"0:00",0,0,0,0,0,0,0,"100.3","104.9"
"Chris Mihm","C",84,265,0,21,59,43,"1166",391,1,156,0,0,0,0,0,0,0,"0:00",0,0,0,0,0,0,0,"100.3","104.9"
"Clarence Weatherspoon","PF",78,240,8,30,82,82,"2774",692,0,171,0,0,0,0,0,0,0,"0:00",0,0,0,0,0,0,0,"100.3","104.9"
"Chucky Brown","SF",79,214,11,32,20,2,"265",75,1,27,0,0,0,0,0,0,0,"0:00",0,0,0,0,0,0,0,"100.3","104.9"
"Wesley Person","SG",78,195,6,29,44,22,"958",292,84,62,0,0,0,0,0,0,0,"0:00",0,0,0,0,0,0,0,"100.3","104.9"
"Matt Harpring","SG",79,231,2,24,56,55,"1615",524,52,161,0,0,0,0,0,0,0,"0:00",0,0,0,0,0,0,0,"100.3","104.9"
"Robert Traylor","C",80,284,2,23,70,7,"1212",324,2,204,0,0,0,0,0,0,0,"0:00",0,0,0,0,0,0,0,"100.3","104.9"
"J.R. Reid","PF",81,247,10,32,6,0,"39",5,0,4,0,0,0,0,0,0,0,"0:00",0,0,0,0,0,0,0,"100.3","104.9"
"Chris Gatling","PF",82,220,9,33,74,6,"1670",733,92,185,0,0,0,0,0,0,0,"0:00",0,0,0,0,0,0,0,"100.3","104.9"
"Michael Hawkins","PG",72,178,3,28,10,0,"76",9,4,13,0,0,0,0,0,0,0,"0:00",0,0,0,0,0,0,0,"100.3","104.9"
"Cedric Henderson","SF",79,215,3,25,55,10,"961",262,8,101,0,0,0,0,0,0,0,"0:00",0,0,0,0,0,0,0,"100.3","104.9"
"Zydrunas Ilgauskas","C",87,238,2,25,24,24,"616",234,2,78,0,0,0,0,0,0,0,"0:00",0,0,0,0,0,0,0,"100.3","104.9"
"Trajan Langdon","SG",75,197,1,24,65,5,"1116",313,124,114,0,0,0,0,0,0,0,"0:00",0,0,0,0,0,0,0,"100.3","104.9"
"Jim Jackson","SF",78,220,8,30,39,26,"1140",415,42,97,0,0,0,0,0,0,0,"0:00",0,0,0,0,0,0,0,"100.3","104.9"
"Jamel Thomas","SF",78,215,1,27,5,0,"56",19,3,6,0,0,0,0,0,0,0,"0:00",0,0,0,0,0,0,0,"100.0","105.5"
"Kendall Gill","SG",77,195,10,32,31,26,"892",323,14,64,0,0,0,0,0,0,0,"0:00",0,0,0,0,0,0,0,"100.0","105.5"
"Eddie Gill","PG",72,190,0,22,8,0,"152",41,9,9,0,0,0,0,0,0,0,"0:00",0,0,0,0,0,0,0,"100.0","105.5"
"Mark Strickland","SF",81,210,5,30,9,0,"202",54,1,14,0,0,0,0,0,0,0,"0:00",0,0,0,0,0,0,0,"100.0","105.5"
"Kenyon Martin","PF",81,234,0,23,68,68,"2272",777,11,281,0,0,0,0,0,0,0,"0:00",0,0,0,0,0,0,0,"100.0","105.5"
"Stephen Jackson","SF",80,218,0,22,77,40,"1660",572,155,166,0,0,0,0,0,0,0,"0:00",0,0,0,0,0,0,0,"100.0","105.5"
"Jim McIlvaine","C",85,240,6,28,18,3,"193",28,0,35,0,0,0,0,0,0,0,"0:00",0,0,0,0,0,0,0,"100.0","105.5"
"Sherman Douglas","PG",72,180,11,34,59,7,"1094",303,40,93,0,0,0,0,0,0,0,"0:00",0,0,0,0,0,0,0,"100.0","105.5"
"Lucious Harris","SG",77,190,7,30,73,50,"2071",624,132,127,0,0,0,0,0,0,0,"0:00",0,0,0,0,0,0,0,"100.0","105.5"
"Johnny Newman","SG",79,190,14,37,82,17,"2049",695,176,229,0,0,0,0,0,0,0,"0:00",0,0,0,0,0,0,0,"100.0","105.5"
"Aaron Williams","PF",81,220,6,29,82,25,"2336",650,2,319,0,0,0,0,0,0,0,"0:00",0,0,0,0,0,0,0,"100.0","105.5"
"Evan Eschmeyer","C",83,255,1,25,74,51,"1331",200,0,220,0,0,0,0,0,0,0,"0:00",0,0,0,0,0,0,0,"100.0","105.5"
"Stephon Marbury","PG",74,180,4,23,67,67,"2557",1277,335,150,0,0,0,0,0,0,0,"0:00",0,0,0,0,0,0,0,"100.0","105.5"
"Soumaila Samake","C",84,230,0,22,34,0,"226",48,0,23,0,0,0,0,0,0,0,"0:00",0,0,0,0,0,0,0,"100.0","105.5"
"Keith Van Horn","SF",82,220,3,25,49,47,"1733",708,170,150,0,0,0,0,0,0,0,"0:00",0,0,0,0,0,0,0,"100.0","105.5"
"Kevin Ollie","PG",76,195,3,28,19,0,"161",27,0,14,0,0,0,0,0,0,0,"0:00",0,0,0,0,0,0,0,"100.0","105.5"
"Doug Overton","PG",75,190,8,31,12,9,"316",93,32,20,0,0,0,0,0,0,0,"0:00",0,0,0,0,0,0,0,"100.0","105.5"
"Vladimir Stepania","C",84,236,2,24,29,0,"280",88,4,47,0,0,0,0,0,0,0,"0:00",0,0,0,0,0,0,0,"100.0","105.5"
"Jamie Feick","C",81,255,4,26,6,0,"149",23,0,15,0,0,0,0,0,0,0,"0:00",0,0,0,0,0,0,0,"100.0","105.5"
"Theo Ratliff","C",82,225,5,27,50,50,"1800",457,0,165,0,0,0,0,"103.6","98.9"
"Toni Kukoc","SF",82,192,7,32,48,5,"979",330,78,62,0,0,0,0,"103.6","98.9"
"Raja Bell","SG",77,204,0,24,5,0,"30",7,3,1,0,0,0,0,24,15,0,"124",27,8,20,0,0,0,0,"103.6","98.9"
"Aaron McKie","SG",77,209,6,28,76,33,"2394",714,170,178,0,0,0,0,28,23,16,"892",301,64,67,0,0,0,0,"103.6","98.9"
"Tyrone Hill","PF",81,240,10,32,76,75,"2363",587,1,242,0,0,0,0,32,23,23,"742",159,1,80,0,0,0,0,"103.6","98.9"
"Roshown McLeod","SF",80,221,2,25,1,0,"15",2,1,2,0,0,0,0,"103.6","98.9"
"Kevin Ollie","PG",76,195,3,28,51,4,"764",165,3,70,0,0,0,0,28,23,0,"123",27,0,12,0,0,0,0,"103.6","98.9"
"Jumaine Jones","SF",80,218,1,21,65,0,"866",275,60,68,0,0,0,0,21,23,14,"447",125,32,33,0,0,0,0,"103.6","98.9"
"Matt Geiger","C",84,243,8,31,35,4,"542",224,2,73,0,0,0,0,31,12,0,"100",29,0,30,0,0,0,0,"103.6","98.9"
"Vernon Maxwell","PG",76,180,12,35,24,6,"375",125,64,33,0,0,0,0,"103.6","98.9"
"Allen Iverson","SG",72,165,4,25,71,71,"2979",1813,306,147,0,0,0,0,25,22,22,"1016",661,142,55,0,0,0,0,"103.6","98.9"
"Pepe Sanchez","PG",76,195,0,23,24,0,"116",21,1,18,0,0,0,0,"103.6","98.9"
"George Lynch","SF",80,218,7,30,82,80,"2649",616,57,222,0,0,0,0,30,10,8,"222",50,1,30,0,0,0,0,"103.6","98.9"
"Rodney Buford","SF",77,189,1,23,47,0,"573",241,38,68,0,0,0,0,23,15,0,"72",24,6,15,0,0,0,0,"103.6","98.9"
"Dikembe Mutombo","C",86,245,9,34,26,26,"875",202,0,65,0,0,0,0,34,23,23,"981",208,1,56,0,0,0,0,"103.6","98.9"
"Nazr Mohammed","C",82,221,2,23,30,3,"196",88,0,40,0,0,0,0,"103.6","98.9"
"Anthony Miller","PF",81,225,6,29,1,0,"2",0,0,0,0,0,0,0,"103.6","98.9"
"Todd MacCulloch","C",84,280,1,25,63,3,"597",185,0,96,0,0,0,0,25,18,0,"109",38,0,14,0,0,0,0,"103.6","98.9"
"Eric Snow","PG",75,190,5,27,50,50,"1740",435,19,123,0,0,0,0,27,23,9,"717",210,7,63,0,0,0,0,"103.6","98.9"
"Luc Longley","C",86,265,9,32,25,2,"301",54,0,51,0,0,0,0,"101.2","98.2"
"Marcus Camby","C",83,220,4,26,63,63,"2127",580,8,205,0,0,0,0,26,4,4,"141",26,0,18,0,0,0,0,"101.2","98.2"
"Travis Knight","C",84,235,4,26,45,0,"256",53,1,47,0,0,0,0,26,1,0,"1",0,0,1,0,0,0,0,"101.2","98.2"
"Othella Harrington","C",81,235,4,27,30,5,"548",121,0,101,0,0,0,0,27,5,1,"77",14,0,16,0,0,0,0,"101.2","98.2"
"Allan Houston","SG",78,200,7,29,78,78,"2858",1208,252,190,0,0,0,0,29,5,5,"189",64,11,17,0,0,0,0,"101.2","98.2"
"Larry Johnson","PF",78,250,9,31,65,65,"2105",598,163,209,0,0,0,0,"101.2","98.2"
"Kurt Thomas","PF",81,230,5,28,77,29,"2125",614,3,287,0,0,0,0,28,5,5,"186",47,0,26,0,0,0,0,"101.2","98.2"
"Mark Jackson","PG",73,180,13,35,29,28,"786",180,42,56,0,0,0,0,35,5,5,"156",40,8,6,0,0,0,0,"101.2","98.2"
"Chris Childs","PG",75,195,6,33,51,5,"1309",222,64,160,0,0,0,0,"101.2","98.2"
"Rick Brunson","PG",76,190,3,28,15,0,"66",19,3,5,0,0,0,0,28,2,0,"4",1,0,0,0,0,0,0,"101.2","98.2"
"Glen Rice","SF",79,215,11,33,75,25,"2212",752,211,179,0,0,0,0,33,5,0,"144",52,14,10,0,0,0,0,"101.2","98.2"
"Lavor Postell","SG",77,215,0,22,26,0,"169",54,11,12,0,0,0,0,"101.2","98.2"
"Erick Strickland","PG",75,210,4,27,28,0,"421",131,47,46,0,0,0,0,"101.2","98.2"
"Charlie Ward","PG",74,190,6,30,61,33,"1492",373,175,132,0,0,0,0,30,5,0,"86",27,12,8,0,0,0,0,"101.2","98.2"
"Felton Spencer","C",84,265,10,33,18,0,"113",20,0,24,0,0,0,0,33,2,0,"4",0,0,2,0,0,0,0,"101.2","98.2"
"Latrell Sprewell","SF",77,190,8,30,77,77,"3017",1219,135,159,0,0,0,0,30,5,5,"212",86,14,17,0,0,0,0,"101.2","98.2"
"Juwan Howard","PF",81,240,6,27,54,54,"1981",827,0,186,0,0,0,0,0,0,0,"0:00",0,0,0,0,0,0,0,"100.6","107.8"
"Mitch Richmond","SG",77,215,12,35,37,30,"1216",504,133,86,0,0,0,0,0,0,0,"0:00",0,0,0,0,0,0,0,"100.6","107.8"
"Cherokee Parks","C",83,235,5,28,13,0,"178",38,0,20,0,0,0,0,0,0,0,"0:00",0,0,0,0,0,0,0,"100.6","107.8"
"Chris Whitney","PG",72,168,7,29,59,31,"1532",470,248,150,0,0,0,0,0,0,0,"0:00",0,0,0,0,0,0,0,"100.6","107.8"
"Obinna Ekezie","PF",81,270,1,25,29,0,"273",77,0,46,0,0,0,0,0,0,0,"0:00",0,0,0,0,0,0,0,"100.6","107.8"
"Calvin Booth","C",83,230,1,24,40,22,"640",168,0,91,0,0,0,0,0,0,0,"0:00",0,0,0,0,0,0,0,"100.6","107.8"
"Loy Vaught","PF",81,230,10,32,14,0,"157",48,0,13,0,0,0,0,0,0,0,"0:00",0,0,0,0,0,0,0,"100.6","107.8"
"Popeye Jones","PF",80,250,7,30,45,1,"638",153,6,95,0,0,0,0,0,0,0,"0:00",0,0,0,0,0,0,0,"100.6","107.8"
"Courtney Alexander","PG",77,205,0,23,27,18,"910",395,36,63,0,0,0,0,0,0,0,"0:00",0,0,0,0,0,0,0,"100.6","107.8"
"Christian Laettner","PF",83,235,8,31,25,13,"733",228,10,83,0,0,0,0,0,0,0,"0:00",0,0,0,0,0,0,0,"100.6","107.8"
"Gerard King","SF",81,230,2,28,45,3,"706",176,0,94,0,0,0,0,0,0,0,"0:00",0,0,0,0,0,0,0,"100.6","107.8"
"Hubert Davis","PG",77,183,8,30,15,11,"431",119,38,29,0,0,0,0,0,0,0,"0:00",0,0,0,0,0,0,0,"100.6","107.8"
"David Vanterpool","PG",77,200,0,27,22,0,"411",110,6,44,0,0,0,0,0,0,0,"0:00",0,0,0,0,0,0,0,"100.6","107.8"
"Mike Smith","SF",80,195,0,24,17,0,"180",59,18,8,0,0,0,0,0,0,0,"0:00",0,0,0,0,0,0,0,"100.6","107.8"
"Rod Strickland","PG",75,175,12,34,33,28,"1020",331,16,55,0,0,0,0,0,0,0,"0:00",0,0,0,0,0,0,0,"100.6","107.8"
"Felipe Lopez","SG",77,199,2,26,47,38,"1108",326,29,110,0,0,0,0,0,0,0,"0:00",0,0,0,0,0,0,0,"100.6","107.8"
"Michael Smith","PF",80,230,6,28,79,29,"1610",218,1,156,0,0,0,0,0,0,0,"0:00",0,0,0,0,0,0,0,"100.6","107.8"
"Richard Hamilton","SF",78,185,1,22,78,42,"2519",1249,146,203,0,0,0,0,0,0,0,"0:00",0,0,0,0,0,0,0,"100.6","107.8"
"Laron Profit","PG",77,204,1,23,35,12,"605",142,26,43,0,0,0,0,0,0,0,"0:00",0,0,0,0,0,0,0,"100.6","107.8"
"Jahidi White","C",81,290,2,24,68,56,"1609",408,1,211,0,0,0,0,0,0,0,"0:00",0,0,0,0,0,0,0,"100.6","107.8"
"Tyrone Nesby","SF",78,225,2,25,48,22,"1223",407,134,127,0,0,0,0,0,0,0,"0:00",0,0,0,0,0,0,0,"100.6","107.8"
"Monty Williams","SF",80,225,6,29,82,0,"1211",364,13,136,0,0,0,0,29,3,0,"14",4,0,2,0,0,0,0,"103.2","102.1"
"Tracy McGrady","SG",80,210,3,21,77,77,"3087",1724,166,160,0,0,0,0,21,4,4,"178",123,10,11,0,0,0,0,"103.2","102.1"
"Dee Brown","PG",73,160,10,32,7,0,"155",44,32,10,0,0,0,0,32,3,0,"54",13,11,3,0,0,0,0,"103.2","102.1"
"Don Reid","PF",80,250,5,27,65,7,"764",145,0,190,0,0,0,0,27,3,0,"25",5,1,9,0,0,0,0,"103.2","102.1"
"Mike Miller","SF",80,218,0,20,82,62,"2390",845,364,200,0,0,0,0,20,4,4,"112",48,18,13,0,0,0,0,"103.2","102.1"
"Pat Garrity","SF",81,238,2,24,76,1,"1579",576,224,241,0,0,0,0,24,4,0,"117",36,20,11,0,0,0,0,"103.2","102.1"
"Darrell Armstrong","PG",72,170,6,32,75,75,"2767",1002,403,155,0,0,0,0,32,4,4,"167",45,19,10,0,0,0,0,"103.2","102.1"
"Elliot Perry","PG",72,150,8,31,6,0,"39",11,1,1,0,0,0,0,"103.2","102.1"
"Michael Doleac","C",83,262,2,23,77,21,"1398",527,3,239,0,0,0,0,23,4,0,"45",16,0,10,0,0,0,0,"103.2","102.1"
"Troy Hudson","PG",73,170,3,24,75,7,"1008",372,109,82,0,0,0,0,24,4,0,"56",21,3,3,0,0,0,0,"103.2","102.1"
"James Robinson","PG",74,180,6,30,6,0,"50",11,5,5,0,0,0,0,"103.2","102.1"
"Grant Hill","SF",80,225,6,28,4,4,"133",43,1,9,0,0,0,0,"103.2","102.1"
"John Amaechi","C",82,270,2,30,82,36,"1710",592,7,175,0,0,0,0,30,4,0,"29",8,0,2,0,0,0,0,"103.2","102.1"
"Bo Outlaw","PF",80,210,7,29,80,69,"2534",368,2,241,0,0,0,0,29,4,4,"134",26,0,15,0,0,0,0,"103.2","102.1"
"Cory Alexander","PG",73,185,5,27,26,0,"227",56,16,29,0,0,0,0,"103.2","102.1"
"Andrew DeClercq","C",82,230,5,27,67,51,"903",193,0,198,0,0,0,0,27,4,4,"54",14,0,17,0,0,0,0,"103.2","102.1"
"Stanislav Medvedenko","PF",82,250,0,21,7,0,"39",25,1,9,0,0,0,0,"108.4","104.8"
"Greg Foster","C",83,240,10,32,62,8,"451",133,9,76,0,0,0,0,32,1,0,"3",0,0,1,0,0,0,0,"108.4","104.8"
"Rick Fox","SF",79,230,9,31,82,77,"2291",646,300,225,0,0,0,0,31,16,16,"573",129,57,55,0,0,0,0,"108.4","104.8"
"Ron Harper","PG",78,185,14,37,47,46,"1139",271,72,70,0,0,0,0,37,6,0,"42",10,4,4,0,0,0,0,"108.4","104.8"
"Tyronn Lue","PG",72,175,2,23,38,1,"468",117,34,54,0,0,0,0,23,15,0,"131",29,13,11,0,0,0,0,"108.4","104.8"
"Robert Horry","PF",81,220,8,30,79,1,"1587",380,156,210,0,0,0,0,30,16,0,"382",87,47,50,0,0,0,0,"108.4","104.8"
"Derek Fisher","PG",73,200,4,26,20,20,"709",187,63,50,0,0,0,0,26,16,16,"576",159,68,44,0,0,0,0,"108.4","104.8"
"Shaquille O'Neal","C",85,325,8,28,74,74,"2924",1422,2,256,0,0,0,0,28,16,16,"676",344,0,55,0,0,0,0,"108.4","104.8"
"Brian Shaw","SG",78,190,11,34,80,28,"1833",411,135,159,0,0,0,0,34,16,0,"290",72,29,37,0,0,0,0,"108.4","104.8"
"Kobe Bryant","SG",78,200,4,22,68,68,"2783",1510,200,222,0,0,0,0,22,16,16,"694",358,34,53,0,0,0,0,"108.4","104.8"
"Mike Penberthy","PG",75,185,0,26,53,0,"851",222,139,57,0,0,0,0,"108.4","104.8"
"Mark Madsen","PF",81,240,0,25,70,3,"641",113,1,111,0,0,0,0,25,13,0,"48",13,0,4,0,0,0,0,"108.4","104.8"
"Horace Grant","PF",82,215,13,35,77,77,"2390",569,3,181,0,0,0,0,35,16,16,"423",96,0,43,0,0,0,0,"108.4","104.8"
"Devean George","SF",80,220,1,23,59,1,"593",207,68,87,0,0,0,0,23,7,0,"27",12,2,6,0,0,0,0,"108.4","104.8"
"Isaiah Rider","SG",77,215,7,29,67,6,"1206",472,92,105,0,0,0,0,"108.4","104.8"
"Rasheed Wallace","PF",82,225,5,26,77,75,"2940",1178,162,206,0,0,0,0,26,3,3,"128",51,11,9,0,0,0,0,"106.5","101.8"
"Rod Strickland","PG",75,175,12,34,21,0,"351",98,1,21,0,0,0,0,34,2,0,"19",6,0,1,0,0,0,0,"106.5","101.8"
"Antonio Harvey","PF",83,225,5,30,12,0,"72",28,0,10,0,0,0,0,30,2,0,"14",1,0,4,0,0,0,0,"106.5","101.8"
"Steve Smith","SG",79,200,9,31,81,36,"2542",788,230,203,0,0,0,0,31,3,3,"122",34,11,3,0,0,0,0,"106.5","101.8"
"Arvydas Sabonis","C",87,279,5,36,61,42,"1299",516,15,137,0,0,0,0,36,3,3,"104",29,2,12,0,0,0,0,"106.5","101.8"
"Gary Grant","PG",75,185,12,35,4,0,"17",7,0,1,0,0,0,0,"106.5","101.8"
"Damon Stoudamire","PG",70,171,5,27,82,82,"2655",935,219,202,0,0,0,0,27,3,3,"114",46,13,6,0,0,0,0,"106.5","101.8"
"Erick Barkley","PG",73,177,0,22,8,0,"38",22,8,2,0,0,0,0,"106.5","101.8"
"Greg Anthony","PG",72,176,9,33,58,0,"856",253,159,63,0,0,0,0,33,2,0,"17",6,3,2,0,0,0,0,"106.5","101.8"
"Bonzi Wells","SF",77,210,2,24,75,46,"1995",726,50,203,0,0,0,0,"106.5","101.8"
"Will Perdue","C",84,240,12,35,13,0,"58",9,0,8,0,0,0,0,35,3,0,"5",0,0,0,0,0,0,0,"106.5","101.8"
"Stacey Augmon","SG",80,205,9,32,66,23,"1182",266,4,105,0,0,0,0,32,2,0,"28",10,0,3,0,0,0,0,"106.5","101.8"
"Detlef Schrempf","SF",81,214,15,38,26,0,"397",95,8,43,0,0,0,0,38,3,0,"32",6,3,3,0,0,0,0,"106.5","101.8"
"Dale Davis","C",83,230,9,31,81,43,"2162",487,4,199,0,0,0,0,31,2,0,"20",2,1,7,0,0,0,0,"106.5","101.8"
"Scottie Pippen","SF",80,210,13,35,64,60,"2133",596,186,158,0,0,0,0,35,3,3,"117",38,17,14,0,0,0,0,"106.5","101.8"
"Shawn Kemp","PF",82,230,11,31,68,3,"1083",413,11,184,0,0,0,0,"106.5","101.8"
"Reggie Miller","SG",79,185,13,35,81,81,"3181",1176,464,162,0,0,0,0,35,4,4,"177",90,35,3,0,0,0,0,"102.0","102.2"
"Jermaine O'Neal","C",83,226,4,22,81,80,"2641",868,5,280,0,0,0,0,22,4,4,"157",39,1,13,0,0,0,0,"102.0","102.2"
"Austin Croshere","PF",81,235,3,25,81,23,"1874",701,207,180,0,0,0,0,25,4,0,"129",35,10,15,0,0,0,0,"102.0","102.2"
"Jeff Foster","C",83,236,1,24,71,9,"1152",213,7,152,0,0,0,0,24,4,2,"52",9,0,8,0,0,0,0,"102.0","102.2"
"Sam Perkins","PF",81,235,16,39,64,41,"999",226,110,61,0,0,0,0,39,3,0,"19",8,4,3,0,0,0,0,"102.0","102.2"
"Bruno Sundov","C",86,220,2,20,11,4,"120",41,4,21,0,0,0,0,"102.0","102.2"
"Jalen Rose","SF",80,210,6,28,72,72,"2943",1242,174,230,0,0,0,0,28,4,4,"164",79,16,18,0,0,0,0,"102.0","102.2"
"Jonathan Bender","SF",83,202,1,20,59,7,"574",186,41,73,0,0,0,0,20,1,0,"4",1,0,1,0,0,0,0,"102.0","102.2"
"Terry Mills","PF",82,230,10,33,14,0,"113",34,17,20,0,0,0,0,"102.0","102.2"
"Zan Tabak","C",84,245,5,30,55,14,"777",186,0,125,0,0,0,0,30,2,2,"10",4,0,2,0,0,0,0,"102.0","102.2"
"Lari Ketner","PF",81,277,1,23,3,0,"7",0,0,0,0,0,0,0,"102.0","102.2"
"Al Harrington","PF",81,230,2,20,78,38,"1892",543,7,223,0,0,0,0,20,3,0,"40",13,2,8,0,0,0,0,"102.0","102.2"
"Travis Best","PG",71,182,5,28,77,21,"2457",788,97,246,0,0,0,0,28,4,4,"163",39,3,15,0,0,0,0,"102.0","102.2"
"Tyus Edney","PG",70,152,3,27,24,0,"263",91,6,17,0,0,0,0,27,2,0,"10",7,1,1,0,0,0,0,"102.0","102.2"
"Derrick McKey","SF",81,205,13,34,66,20,"987",136,20,136,0,0,0,0,34,4,0,"35",5,1,7,0,0,0,0,"102.0","102.2"
"Shawnelle Scott","C",82,250,2,28,27,1,"144",41,0,23,0,0,0,0,28,7,0,"13",4,2,2,0,0,0,0,"106.6","98.0"
"Ira Newble","SF",79,220,0,26,27,6,"184",55,9,18,0,0,0,0,"106.6","98.0"
"Steve Kerr","PG",75,175,12,35,55,1,"650",159,77,30,0,0,0,0,35,9,0,"101",25,15,8,0,0,0,0,"106.6","98.0"
"Derrick Dial","SG",76,184,1,25,33,0,"207",83,10,22,0,0,0,0,"106.6","98.0"
"Samaki Walker","PF",81,240,4,24,61,1,"963",252,3,103,0,0,0,0,24,12,0,"76",15,0,12,0,0,0,0,"106.6","98.0"
"Terry Porter","PG",75,195,15,37,80,42,"1678",440,205,88,0,0,0,0,37,13,13,"326",86,39,15,0,0,0,0,"106.6","98.0"
"Sean Elliott","SF",80,205,11,32,52,34,"1229",339,129,80,0,0,0,0,32,12,0,"239",51,22,21,0,0,0,0,"106.6","98.0"
"Derek Anderson","SG",77,194,3,26,82,82,"2859",993,253,188,0,0,0,0,26,7,7,"194",61,22,10,0,0,0,0,"106.6","98.0"
"Malik Rose","PF",79,250,4,26,57,9,"1219",368,17,148,0,0,0,0,26,13,0,"215",55,3,38,0,0,0,0,"106.6","98.0"
"Tim Duncan","PF",83,248,3,24,82,82,"3174",1406,27,247,0,0,0,0,24,13,13,"526",246,1,43,0,0,0,0,"106.6","98.0"
"Danny Ferry","SF",82,230,10,34,80,29,"1688",375,156,169,0,0,0,0,34,13,11,"334",68,46,32,0,0,0,0,"106.6","98.0"
"Antonio Daniels","PG",76,195,3,25,79,23,"2060",588,183,120,0,0,0,0,25,13,8,"406",131,46,22,0,0,0,0,"106.6","98.0"
"Jaren Jackson","SG",76,190,10,33,16,0,"114",40,18,13,0,0,0,0,"106.6","98.0"
"Avery Johnson","PG",70,175,12,35,55,20,"1290",300,6,90,0,0,0,0,35,13,0,"281",88,1,24,0,0,0,0,"106.6","98.0"
"David Robinson","C",85,235,11,35,80,80,"2371",823,1,212,0,0,0,0,35,13,13,"409",159,1,42,0,0,0,0,"106.6","98.0"
"Dana Barros","PG",71,163,11,33,60,0,"1079",412,105,63,0,0,0,0,0,0,0,"0:00",0,0,0,0,0,0,0,"100.0","101.8"
"Michael Curry","SG",77,210,6,32,68,58,"1485",319,9,173,0,0,0,0,0,0,0,"0:00",0,0,0,0,0,0,0,"100.0","101.8"
"Chucky Atkins","PG",71,160,1,26,81,75,"2363",952,339,184,0,0,0,0,0,0,0,"0:00",0,0,0,0,0,0,0,"100.0","101.8"
"Cedric Ceballos","SF",78,190,10,31,13,0,"166",71,40,19,0,0,0,0,0,0,0,"0:00",0,0,0,0,0,0,0,"100.0","101.8"
"Eric Montross","C",84,270,6,29,42,20,"568",121,0,100,0,0,0,0,0,0,0,"0:00",0,0,0,0,0,0,0,"100.0","101.8"
"Mikki Moore","C",83,225,2,25,81,2,"1154",268,1,202,0,0,0,0,0,0,0,"0:00",0,0,0,0,0,0,0,"100.0","101.8"
"Mateen Cleaves","PG",74,205,0,23,78,8,"1268",400,17,153,0,0,0,0,0,0,0,"0:00",0,0,0,0,0,0,0,"100.0","101.8"
"Jerome Williams","PF",81,206,4,27,33,2,"804",201,2,81,0,0,0,0,0,0,0,"0:00",0,0,0,0,0,0,0,"100.0","101.8"
"Jud Buechler","SF",78,220,10,32,57,3,"737",164,77,83,0,0,0,0,0,0,0,"0:00",0,0,0,0,0,0,0,"100.0","101.8"
"John Wallace","SF",80,225,4,26,40,0,"527",236,15,72,0,0,0,0,0,0,0,"0:00",0,0,0,0,0,0,0,"100.0","101.8"
"Brian Cardinal","PF",80,245,0,23,15,0,"126",31,5,27,0,0,0,0,0,0,0,"0:00",0,0,0,0,0,0,0,"100.0","101.8"
"Kornel David","SF",81,235,2,29,10,0,"69",22,0,8,0,0,0,0,0,0,0,"0:00",0,0,0,0,0,0,0,"100.0","101.8"
"Corliss Williamson","SF",79,245,5,27,27,9,"800",322,0,87,0,0,0,0,0,0,0,"0:00",0,0,0,0,0,0,0,"100.0","101.8"
"Joe Smith","PF",82,225,5,25,69,59,"1941",765,5,258,0,0,0,0,0,0,0,"0:00",0,0,0,0,0,0,0,"100.0","101.8"
"Jerry Stackhouse","SG",78,218,5,26,80,80,"3215",1927,473,160,0,0,0,0,0,0,0,"0:00",0,0,0,0,0,0,0,"100.0","101.8"
"Billy Owens","PF",80,220,9,31,45,14,"793",230,20,93,0,0,0,0,0,0,0,"0:00",0,0,0,0,0,0,0,"100.0","101.8"
"Ben Wallace","C",81,240,4,26,80,80,"2760",439,4,192,0,0,0,0,0,0,0,"0:00",0,0,0,0,0,0,0,"100.0","101.8"
"Kevin Willis","C",84,220,15,38,35,9,"771",269,2,78,0,0,0,0,"105.9","103.4"
"Tyrone Corbin","SF",78,210,15,38,15,1,"117",38,5,18,0,0,0,0,"105.9","103.4"
"Alvin Williams","SG",77,185,3,26,82,34,"2394",767,108,171,0,0,0,0,26,12,12,"486",160,28,34,0,0,0,0,"105.9","103.4"
"Keon Clark","PF",83,220,2,25,46,0,"968",320,1,143,0,0,0,0,25,11,0,"103",30,0,16,0,0,0,0,"105.9","103.4"
"Eric Montross","C",84,270,6,29,12,1,"81",17,0,15,0,0,0,0,29,5,0,"31",5,0,6,0,0,0,0,"105.9","103.4"
"Tracy Murray","SF",79,225,8,29,38,1,"453",193,80,45,0,0,0,0,29,2,0,"5",3,2,1,0,0,0,0,"105.9","103.4"
"Morris Peterson","SG",79,218,0,23,80,49,"1809",673,165,164,0,0,0,0,23,8,3,"110",35,9,10,0,0,0,0,"105.9","103.4"
"Chris Childs","PG",75,195,6,33,26,0,"550",113,42,82,0,0,0,0,33,12,9,"380",90,36,48,0,0,0,0,"105.9","103.4"
"Garth Joseph","C",86,315,0,27,2,0,"8",2,0,1,0,0,0,0,"105.9","103.4"
"Jerome Williams","PF",81,206,4,27,26,0,"378",93,1,43,0,0,0,0,27,11,0,"164",24,0,23,0,0,0,0,"105.9","103.4"
"Mark Jackson","PG",73,180,13,35,54,54,"1802",403,165,83,0,0,0,0,"105.9","103.4"
"Muggsy Bogues","PG",63,136,13,36,3,0,"34",2,1,3,0,0,0,0,"105.9","103.4"
"Vince Carter","SF",78,215,2,24,75,75,"2979",1656,397,205,0,0,0,0,24,12,12,"539",280,61,45,0,0,0,0,"105.9","103.4"
"Mamadou N'Diaye","C",84,255,0,25,3,0,"10",4,0,3,0,0,0,0,"105.9","103.4"
"Corliss Williamson","SF",79,245,5,27,42,31,"886",325,2,98,0,0,0,0,"105.9","103.4"
"Kornel David","SF",81,235,2,29,17,0,"140",29,0,20,0,0,0,0,"105.9","103.4"
"Michael Stewart","C",82,230,3,25,26,0,"123",34,0,19,0,0,0,0,25,2,0,"4",1,0,0,0,0,0,0,"105.9","103.4"
"Dell Curry","SG",76,190,14,36,71,1,"956",382,145,66,0,0,0,0,36,12,0,"182",64,37,10,0,0,0,0,"105.9","103.4"
"Antonio Davis","C",81,215,7,32,78,77,"2729",866,1,230,0,0,0,0,32,12,12,"485",154,0,35,0,0,0,0,"105.9","103.4"
"Charles Oakley","PF",80,225,15,37,78,77,"2767",786,49,258,0,0,0,0,37,12,12,"391",108,8,29,0,0,0,0,"105.9","103.4"
"Michael Olowokandi","C",84,269,2,25,82,82,"2127",708,0,250,0,0,0,0,0,0,0,"0:00",0,0,0,0,0,0,0,"101.3","104.5"
"Corey Maggette","SF",78,218,1,21,69,9,"1359",487,56,140,0,0,0,0,0,0,0,"0:00",0,0,0,0,0,0,0,"101.3","104.5"
"Eric Piatkowski","SG",79,215,6,30,81,40,"2144",672,297,123,0,0,0,0,0,0,0,"0:00",0,0,0,0,0,0,0,"101.3","104.5"
"Earl Boykins","PG",65,135,2,24,10,0,"149",63,8,9,0,0,0,0,0,0,0,"0:00",0,0,0,0,0,0,0,"101.3","104.5"
"Tyrone Nesby","SG",78,225,2,25,14,12,"333",123,46,28,0,0,0,0,0,0,0,"0:00",0,0,0,0,0,0,0,"101.3","104.5"
"Quentin Richardson","SG",78,223,0,20,76,28,"1358",525,151,98,0,0,0,0,0,0,0,"0:00",0,0,0,0,0,0,0,"101.3","104.5"
"Cherokee Parks","C",83,235,5,28,52,31,"876",236,6,102,0,0,0,0,0,0,0,"0:00",0,0,0,0,0,0,0,"101.3","104.5"
"Jeff McInnis","PG",76,190,3,26,81,81,"2831",933,144,199,0,0,0,0,0,0,0,"0:00",0,0,0,0,0,0,0,"101.3","104.5"
"Lamar Odom","PF",82,220,1,21,76,74,"2836",1046,253,236,0,0,0,0,0,0,0,"0:00",0,0,0,0,0,0,0,"101.3","104.5"
"Keyon Dooling","PG",75,196,0,20,76,1,"1237",362,80,107,0,0,0,0,0,0,0,"0:00",0,0,0,0,0,0,0,"101.3","104.5"
"Zendon Hamilton","C",83,250,0,25,3,0,"19",9,0,4,0,0,0,0,0,0,0,"0:00",0,0,0,0,0,0,0,"101.3","104.5"
"Sean Rooks","C",82,250,8,31,82,0,"1553",395,2,197,0,0,0,0,0,0,0,"0:00",0,0,0,0,0,0,0,"101.3","104.5"
"Derek Strong","PF",80,220,9,32,28,8,"491",117,1,30,0,0,0,0,0,0,0,"0:00",0,0,0,0,0,0,0,"101.3","104.5"
"Darius Miles","SF",81,210,0,19,81,21,"2133",630,19,191,0,0,0,0,0,0,0,"0:00",0,0,0,0,0,0,0,"101.3","104.5"
"Brian Skinner","PF",81,255,2,24,39,23,"584",161,0,61,0,0,0,0,0,0,0,"0:00",0,0,0,0,0,0,0,"101.3","104.5"
"Danny Manning","PF",82,230,12,34,82,0,"1305",500,28,219,0,0,0,0,34,5,0,"96",34,2,21,0,0,0,0,"107.6","102.4"
"Bryon Russell","SF",79,225,7,30,78,46,"2473",700,230,229,0,0,0,0,30,5,5,"214",56,22,13,0,0,0,0,"107.6","102.4"
"Scott Padgett","PF",81,240,1,24,27,0,"127",43,9,21,0,0,0,0,"107.6","102.4"
"David Benoit","SF",80,220,6,32,49,2,"446",147,13,75,0,0,0,0,32,4,0,"61",19,6,6,0,0,0,0,"107.6","102.4"
"Greg Ostertag","C",86,280,5,27,81,3,"1491",281,2,215,0,0,0,0,27,5,0,"64",11,0,10,0,0,0,0,"107.6","102.4"
"John Stockton","PG",73,170,16,38,82,82,"2397",651,132,194,0,0,0,0,38,5,5,"186",37,8,19,0,0,0,0,"107.6","102.4"
"Olden Polynice","C",83,220,13,36,81,79,"1619",415,1,241,0,0,0,0,36,5,5,"100",30,1,12,0,0,0,0,"107.6","102.4"
"DeShawn Stevenson","SG",77,210,0,19,40,2,"293",91,12,29,0,0,0,0,19,1,0,"8",2,0,0,0,0,0,0,"107.6","102.4"
"John Crotty","PG",73,185,8,31,31,0,"264",65,7,32,0,0,0,0,31,4,0,"19",3,0,3,0,0,0,0,"107.6","102.4"
"Jacque Vaughn","PG",73,190,3,25,82,0,"1620",393,78,145,0,0,0,0,25,5,0,"57",10,2,13,0,0,0,0,"107.6","102.4"
"Karl Malone","PF",81,250,15,37,81,81,"2895",1345,5,216,0,0,0,0,37,5,5,"199",121,2,13,0,0,0,0,"107.6","102.4"
"Donyell Marshall","SF",81,218,6,27,81,49,"2326",849,128,196,0,0,0,0,27,5,5,"160",54,8,19,0,0,0,0,"107.6","102.4"
"Quincy Lewis","SF",79,215,1,23,35,2,"402",123,25,78,0,0,0,0,"107.6","102.4"
"John Starks","SG",75,180,11,35,75,64,"2122",686,182,217,0,0,0,0,35,3,0,"36",12,4,5,0,0,0,0,"107.6","102.4"
"Emanual Davis","SG",76,195,3,32,62,39,"1290",318,127,101,0,0,0,0,0,0,0,"0:00",0,0,0,0,0,0,0,"105.6","105.6"
"Ruben Patterson","SF",77,224,2,25,76,22,"2059",749,36,176,0,0,0,0,0,0,0,"0:00",0,0,0,0,0,0,0,"105.6","105.6"
"Jelani McCoy","C",82,245,2,23,70,44,"1143",264,0,141,0,0,0,0,0,0,0,"0:00",0,0,0,0,0,0,0,"105.6","105.6"
"Rashard Lewis","PF",82,215,2,21,78,78,"2720",887,285,191,0,0,0,0,0,0,0,"0:00",0,0,0,0,0,0,0,"105.6","105.6"
"Gary Payton","PG",76,180,10,32,79,79,"3244",1591,272,184,0,0,0,0,0,0,0,"0:00",0,0,0,0,0,0,0,"105.6","105.6"
"Brent Barry","SG",78,185,5,29,67,20,"1778",401,229,126,0,0,0,0,0,0,0,"0:00",0,0,0,0,0,0,0,"105.6","105.6"
"Desmond Mason","SF",79,224,0,23,78,14,"1522",439,67,146,0,0,0,0,0,0,0,"0:00",0,0,0,0,0,0,0,"105.6","105.6"
"Vin Baker","PF",83,232,7,29,76,27,"2129",822,16,264,0,0,0,0,0,0,0,"0:00",0,0,0,0,0,0,0,"105.6","105.6"
"Olumide Oyedeji","C",82,240,0,19,30,1,"221",37,0,40,0,0,0,0,0,0,0,"0:00",0,0,0,0,0,0,0,"105.6","105.6"
"Pervis Ellison","C",81,210,10,33,9,0,"40",7,0,13,0,0,0,0,0,0,0,"0:00",0,0,0,0,0,0,0,"105.6","105.6"
"David Wingate","SG",77,185,14,37,1,0,"9",3,0,1,0,0,0,0,0,0,0,"0:00",0,0,0,0,0,0,0,"105.6","105.6"
"Ruben Wolkowyski","PF",82,270,0,27,34,1,"305",79,2,38,0,0,0,0,0,0,0,"0:00",0,0,0,0,0,0,0,"105.6","105.6"
"Patrick Ewing","C",84,240,15,38,79,79,"2107",684,2,229,0,0,0,0,0,0,0,"0:00",0,0,0,0,0,0,0,"105.6","105.6"
"Shammond Williams","PG",73,201,2,25,69,6,"1238",368,133,83,0,0,0,0,0,0,0,"0:00",0,0,0,0,0,0,0,"105.6","105.6"
"Isaac Austin","C",82,255,7,31,52,16,"845",270,24,94,0,0,0,0,0,0,0,"0:00",0,0,0,0,0,0,0,"99.6","105.8"
"Brent Price","PG",73,165,7,32,6,0,"30",11,4,8,0,0,0,0,0,0,0,"0:00",0,0,0,0,0,0,0,"99.6","105.8"
"Erick Strickland","PG",75,210,4,27,22,0,"409",136,48,42,0,0,0,0,0,0,0,"0:00",0,0,0,0,0,0,0,"99.6","105.8"
"Kevin Edwards","SG",75,190,10,35,46,5,"634",170,19,46,0,0,0,0,0,0,0,"0:00",0,0,0,0,0,0,0,"99.6","105.8"
"Othella Harrington","C",81,235,4,27,44,40,"1267",386,3,136,0,0,0,0,0,0,0,"0:00",0,0,0,0,0,0,0,"99.6","105.8"
"Grant Long","PF",80,225,12,34,66,27,"1507",319,15,160,0,0,0,0,0,0,0,"0:00",0,0,0,0,0,0,0,"99.6","105.8"
"Doug West","SG",78,200,11,33,15,6,"171",38,2,21,0,0,0,0,0,0,0,"0:00",0,0,0,0,0,0,0,"99.6","105.8"
"Tony Massenburg","PF",81,220,8,33,52,20,"823",199,0,122,0,0,0,0,0,0,0,"0:00",0,0,0,0,0,0,0,"99.6","105.8"
"Shareef Abdur-Rahim","SF",81,225,4,24,81,81,"3241",1280,64,238,0,0,0,0,0,0,0,"0:00",0,0,0,0,0,0,0,"99.6","105.8"
"Michael Dickerson","SG",77,190,2,25,70,69,"2618",1020,230,207,0,0,0,0,0,0,0,"0:00",0,0,0,0,0,0,0,"99.6","105.8"
"Stromile Swift","PF",81,225,0,21,80,6,"1312",339,4,160,0,0,0,0,0,0,0,"0:00",0,0,0,0,0,0,0,"99.6","105.8"
"Mahmoud Abdul-Rauf","PG",73,162,8,31,41,0,"486",246,14,50,0,0,0,0,0,0,0,"0:00",0,0,0,0,0,0,0,"99.6","105.8"
"Mike Bibby","PG",73,190,2,22,82,82,"3190",1157,285,148,0,0,0,0,0,0,0,"0:00",0,0,0,0,0,0,0,"99.6","105.8"
"Bryant Reeves","C",84,275,5,27,75,48,"1832",552,4,243,0,0,0,0,0,0,0,"0:00",0,0,0,0,0,0,0,"99.6","105.8"
"Damon Jones","PG",75,185,2,24,71,10,"1415",416,231,58,0,0,0,0,0,0,0,"0:00",0,0,0,0,0,0,0,"99.6","105.8"
"Antoine Walker","PF",80,224,4,24,81,81,"3396",1720,603,251,0,0,0,0,0,0,0,"0:00",0,0,0,0,0,0,0,"101.4","103.7"
"Eric Williams","SF",80,220,5,28,81,11,"1745",448,139,179,0,0,0,0,0,0,0,"0:00",0,0,0,0,0,0,0,"101.4","103.7"
"Chris Carr","SG",77,207,5,26,35,0,"309",112,37,45,0,0,0,0,0,0,0,"0:00",0,0,0,0,0,0,0,"101.4","103.7"
"Kenny Anderson","PG",72,168,9,30,33,28,"849",227,33,62,0,0,0,0,0,0,0,"0:00",0,0,0,0,0,0,0,"101.4","103.7"
"Randy Brown","PG",74,190,9,32,54,35,"1238",237,3,132,0,0,0,0,0,0,0,"0:00",0,0,0,0,0,0,0,"101.4","103.7"
"Walter McCarty","PF",82,230,4,26,60,3,"478",126,56,82,0,0,0,0,0,0,0,"0:00",0,0,0,0,0,0,0,"101.4","103.7"
"Milt Palacio","PG",75,195,1,22,58,6,"1141",267,36,83,0,0,0,0,0,0,0,"0:00",0,0,0,0,0,0,0,"101.4","103.7"
"Mark Blount","C",84,230,0,25,64,50,"1098",200,0,183,0,0,0,0,0,0,0,"0:00",0,0,0,0,0,0,0,"101.4","103.7"
"Bryant Stith","SG",77,208,8,30,78,74,"2504",611,242,182,0,0,0,0,0,0,0,"0:00",0,0,0,0,0,0,0,"101.4","103.7"
"Tony Battie","C",83,230,3,24,40,25,"845",201,3,126,0,0,0,0,0,0,0,"0:00",0,0,0,0,0,0,0,"101.4","103.7"
"Paul Pierce","SF",79,235,2,23,82,82,"3120",1513,384,251,0,0,0,0,0,0,0,"0:00",0,0,0,0,0,0,0,"101.4","103.7"
"Rick Brunson","PG",76,190,3,28,7,0,"142",35,11,16,0,0,0,0,0,0,0,"0:00",0,0,0,0,0,0,0,"101.4","103.7"
"Jerome Moiso","C",82,235,0,22,24,0,"135",30,1,29,0,0,0,0,0,0,0,"0:00",0,0,0,0,0,0,0,"101.4","103.7"
"Doug Overton","PG",75,190,8,31,7,1,"144",44,4,15,0,0,0,0,0,0,0,"0:00",0,0,0,0,0,0,0,"101.4","103.7"
"Vitaly Potapenko","C",82,280,4,25,82,7,"1901",521,0,228,0,0,0,0,0,0,0,"0:00",0,0,0,0,0,0,0,"101.4","103.7"
"Chris Herren","PG",74,197,1,25,25,7,"408",96,55,43,0,0,0,0,0,0,0,"0:00",0,0,0,0,0,0,0,"101.4","103.7"
"Adrian Griffin","SF",77,217,1,26,44,0,"377",97,26,45,0,0,0,0,0,0,0,"0:00",0,0,0,0,0,0,0,"101.4","103.7"
"Duane Causwell","C",84,240,10,32,31,14,"384",85,0,67,0,0,0,0,32,1,0,"5",1,0,1,0,0,0,0,"101.1","98.5"
"Anthony Mason","PF",79,250,10,34,80,80,"3254",954,0,231,0,0,0,0,34,3,3,"98",13,1,6,0,0,0,0,"101.1","98.5"
"Cedric Ceballos","SF",78,190,10,31,27,0,"393",158,33,42,0,0,0,0,31,3,0,"15",7,0,3,0,0,0,0,"101.1","98.5"
"Eddie House","PG",73,180,0,22,50,0,"550",247,55,58,0,0,0,0,22,3,0,"64",40,7,7,0,0,0,0,"101.1","98.5"
"Bruce Bowen","SF",79,185,4,29,82,72,"2685",581,307,269,0,0,0,0,29,3,3,"58",16,8,8,0,0,0,0,"101.1","98.5"
"Brian Grant","C",81,254,6,28,82,79,"2771",1010,1,293,0,0,0,0,28,3,0,"84",24,0,9,0,0,0,0,"101.1","98.5"
"Don MacLean","SF",82,235,8,31,8,1,"76",20,2,9,0,0,0,0,"101.1","98.5"
"Eddie Jones","SG",78,190,6,29,63,58,"2282",871,238,183,0,0,0,0,29,3,3,"108",44,16,9,0,0,0,0,"101.1","98.5"
"Tim Hardaway","PG",72,175,10,34,77,77,"2613",1042,517,155,0,0,0,0,34,2,2,"36",9,3,4,0,0,0,0,"101.1","98.5"
"Ricky Davis","SG",78,195,2,21,7,0,"70",29,1,7,0,0,0,0,"101.1","98.5"
"Dan Majerle","SG",78,215,12,35,53,19,"1306",259,181,98,0,0,0,0,35,3,0,"71",16,14,7,0,0,0,0,"101.1","98.5"
"Todd Fuller","C",83,255,4,26,10,0,"77",35,0,10,0,0,0,0,"101.1","98.5"
"A.C. Green","PF",81,220,15,37,82,1,"1411",324,6,119,0,0,0,0,37,3,0,"21",3,0,4,0,0,0,0,"101.1","98.5"
"Anthony Carter","PG",73,190,1,25,72,6,"1630",480,40,154,0,0,0,0,25,3,1,"69",19,1,9,0,0,0,0,"101.1","98.5"
"Alonzo Mourning","C",82,240,8,30,13,3,"306",141,1,24,0,0,0,0,30,3,3,"91",25,0,9,0,0,0,0,"101.1","98.5"
"Jamal Robinson","SF",79,212,0,27,6,0,"72",22,2,7,0,0,0,0,"101.1","98.5"
"Kevin Willis","C",84,220,15,38,43,13,"1059",421,4,138,0,0,0,0,0,0,0,"0:00",0,0,0,0,0,0,0,"103.7","106.3"
"Robert Pack","PG",74,180,9,31,74,11,"1260",426,31,114,0,0,0,0,0,0,0,"0:00",0,0,0,0,0,0,0,"103.7","106.3"
"Mark Strickland","SF",81,210,5,30,46,2,"517",185,1,58,0,0,0,0,0,0,0,"0:00",0,0,0,0,0,0,0,"103.7","106.3"
"Keon Clark","PF",83,220,2,25,35,3,"752",199,0,101,0,0,0,0,0,0,0,"0:00",0,0,0,0,0,0,0,"103.7","106.3"
"Terry Davis","PF",81,225,9,33,19,1,"228",25,0,34,0,0,0,0,0,0,0,"0:00",0,0,0,0,0,0,0,"103.7","106.3"
"Tracy Murray","SF",79,225,8,29,13,0,"135",55,23,8,0,0,0,0,0,0,0,"0:00",0,0,0,0,0,0,0,"103.7","106.3"
"Anthony Goldwire","PG",73,182,3,29,20,0,"201",80,34,13,0,0,0,0,0,0,0,"0:00",0,0,0,0,0,0,0,"103.7","106.3"
"George McCloud","SF",78,205,10,33,76,8,"2007",655,234,165,0,0,0,0,0,0,0,"0:00",0,0,0,0,0,0,0,"103.7","106.3"
"Garth Joseph","C",86,315,0,27,2,0,"8",3,0,0,0,0,0,0,0,0,0,"0:00",0,0,0,0,0,0,0,"103.7","106.3"
"Ryan Bowen","SF",79,215,1,25,57,0,"696",144,11,95,0,0,0,0,0,0,0,"0:00",0,0,0,0,0,0,0,"103.7","106.3"
"Nick Van Exel","PG",73,170,7,29,71,70,"2688",1112,358,109,0,0,0,0,0,0,0,"0:00",0,0,0,0,0,0,0,"103.7","106.3"
"Tariq Abdul-Wahad","SG",78,223,3,26,29,12,"420",111,10,54,0,0,0,0,0,0,0,"0:00",0,0,0,0,0,0,0,"103.7","106.3"
"Voshon Lenard","SG",76,205,5,27,80,58,"2331",846,382,170,0,0,0,0,0,0,0,"0:00",0,0,0,0,0,0,0,"103.7","106.3"
"Raef LaFrentz","C",83,240,2,24,78,74,"2457",812,139,290,0,0,0,0,0,0,0,"0:00",0,0,0,0,0,0,0,"103.7","106.3"
"Antonio McDyess","PF",81,220,5,26,70,70,"2555",1165,0,220,0,0,0,0,0,0,0,"0:00",0,0,0,0,0,0,0,"103.7","106.3"
"Calbert Cheaney","SG",79,209,7,29,9,5,"153",30,0,14,0,0,0,0,0,0,0,"0:00",0,0,0,0,0,0,0,"103.7","106.3"
"James Posey","SF",80,215,1,24,82,82,"2255",590,217,226,0,0,0,0,0,0,0,"0:00",0,0,0,0,0,0,0,"103.7","106.3"
"Dan McClintock","C",84,270,0,23,6,1,"58",18,0,11,0,0,0,0,0,0,0,"0:00",0,0,0,0,0,0,0,"103.7","106.3"
